,Al,Fe,Na,Si,K,Ca,RI,Mg,Ba
175,1.56,0.0,14.0,72.37,0.0,9.57,1.51905,2.39,0.0
176,1.19,0.0,13.79,72.76,0.0,9.77,1.51937,2.41,0.0
177,1.62,0.0,14.46,72.38,0.0,9.26,1.51829,2.24,0.0
178,1.66,0.0,14.09,72.67,0.0,9.32,1.51852,2.19,0.0
179,1.54,0.0,14.4,74.55,0.0,7.59,1.51299,1.74,0.0
180,1.74,0.0,14.99,72.5,0.0,9.95,1.51888,0.78,0.0
181,2.09,0.0,14.15,72.74,0.0,10.88,1.51916,0.0,0.0
182,0.56,0.0,14.56,73.48,0.0,11.22,1.51969,0.0,0.0
183,0.34,0.0,17.38,75.41,0.0,6.65,1.51115,0.0,0.0
