,Mg,RI,Ba,Ca,Al,Si,Na,Fe,K
175,2.39,1.51905,0.0,9.57,1.56,72.37,14.0,0.0,0.0
176,2.41,1.51937,0.0,9.77,1.19,72.76,13.79,0.0,0.0
177,2.24,1.51829,0.0,9.26,1.62,72.38,14.46,0.0,0.0
178,2.19,1.51852,0.0,9.32,1.66,72.67,14.09,0.0,0.0
179,1.74,1.51299,0.0,7.59,1.54,74.55,14.4,0.0,0.0
180,0.78,1.51888,0.0,9.95,1.74,72.5,14.99,0.0,0.0
181,0.0,1.51916,0.0,10.88,2.09,72.74,14.15,0.0,0.0
182,0.0,1.51969,0.0,11.22,0.56,73.48,14.56,0.0,0.0
183,0.0,1.51115,0.0,6.65,0.34,75.41,17.38,0.0,0.0
